C004008,베온 울트라슬림 맥세이프 고속 무선충전 보조배터리 5000mAh (CTOC 20CM 케이블 포함),베온 울트라슬림 맥세이프 고속 무선충전 보조배터리 5000mAh (CTOC 20CM 케이블 포함),,,,,,,,블랙 | 화이트,23200.0,,23200.0,15500,10,,,,"케이스,투명케이스",N,진열,product_images/베온_울트라슬림_맥세이프_고속_무선충전_보조배터리_5000mAh_(CTOC_20CM_케이블_포함)/베온_울트라슬림_맥세이프_고속_무선충전_보조배터리_5000mAh_(CTOC_20CM_케이블_포함)_M.jpg,"product_images/베온_울트라슬림_맥세이프_고속_무선충전_보조배터리_5000mAh_(CTOC_20CM_케이블_포함)/베온_울트라슬림_맥세이프_고속_무선충전_보조배터리_5000mAh_(CTOC_20CM_케이블_포함)_01.jpg,product_images/베온_울트라슬림_맥세이프_고속_무선충전_보조배터리_5000mAh_(CTOC_20CM_케이블_포함)/베온_울트라슬림_맥세이프_고속_무선충전_보조배터리_5000mAh_(CTOC_20CM_케이블_포함)_02.jpg",product_images/베온_울트라슬림_맥세이프_고속_무선충전_보조배터리_5000mAh_(CTOC_20CM_케이블_포함)/베온_울트라슬림_맥세이프_고속_무선충전_보조배터리_5000mAh_(CTOC_20CM_케이블_포함)_M.jpg,,"<!--[OPENEDITOR]--><p>베온 울트라슬림 맥세이프 고속 무선충전 보조배터리 5000mAh (CTOC 20CM 케이블 포함)</p><img src=""product_images/베온_울트라슬림_맥세이프_고속_무선충전_보조배터리_5000mAh_(CTOC_20CM_케이블_포함)/베온_울트라슬림_맥세이프_고속_무선충전_보조배터리_5000mAh_(CTOC_20CM_케이블_포함)_M.jpg"" /><img src=""product_images/베온_울트라슬림_맥세이프_고속_무선충전_보조배터리_5000mAh_(CTOC_20CM_케이블_포함)/베온_울트라슬림_맥세이프_고속_무선충전_보조배터리_5000mAh_(CTOC_20CM_케이블_포함)_01.jpg"" /><img src=""product_images/베온_울트라슬림_맥세이프_고속_무선충전_보조배터리_5000mAh_(CTOC_20CM_케이블_포함)/베온_울트라슬림_맥세이프_고속_무선충전_보조배터리_5000mAh_(CTOC_20CM_케이블_포함)_02.jpg"" />","<!--[OPENEDITOR]--><p>베온 울트라슬림 맥세이프 고속 무선충전 보조배터리 5000mAh (CTOC 20CM 케이블 포함)</p><img src=""product_images/베온_울트라슬림_맥세이프_고속_무선충전_보조배터리_5000mAh_(CTOC_20CM_케이블_포함)/베온_울트라슬림_맥세이프_고속_무선충전_보조배터리_5000mAh_(CTOC_20CM_케이블_포함)_M.jpg"" /><img src=""product_images/베온_울트라슬림_맥세이프_고속_무선충전_보조배터리_5000mAh_(CTOC_20CM_케이블_포함)/베온_울트라슬림_맥세이프_고속_무선충전_보조배터리_5000mAh_(CTOC_20CM_케이블_포함)_01.jpg"" /><img src=""product_images/베온_울트라슬림_맥세이프_고속_무선충전_보조배터리_5000mAh_(CTOC_20CM_케이블_포함)/베온_울트라슬림_맥세이프_고속_무선충전_보조배터리_5000mAh_(CTOC_20CM_케이블_포함)_02.jpg"" />",,,
C002001,맥씨 강화유리 필름 (5매) / iPhone 16 Plus / 아이폰 16 플러스,맥씨 강화유리 필름 (5매) / iPhone 16 Plus / 아이폰 16 플러스,,,,,,,,단일상품,3800.0,,3800.0,2500,10,,,,"아이폰 16 plus (Iphone 16 Plus),케이스,투명케이스",N,진열,product_images/맥씨_강화유리_필름_(5매)__iPhone_16_Plus__아이폰_16_플러스/맥씨_강화유리_필름_(5매)__iPhone_16_Plus__아이폰_16_플러스_M.jpg,"product_images/맥씨_강화유리_필름_(5매)__iPhone_16_Plus__아이폰_16_플러스/맥씨_강화유리_필름_(5매)__iPhone_16_Plus__아이폰_16_플러스_01.jpg,product_images/맥씨_강화유리_필름_(5매)__iPhone_16_Plus__아이폰_16_플러스/맥씨_강화유리_필름_(5매)__iPhone_16_Plus__아이폰_16_플러스_02.jpg",product_images/맥씨_강화유리_필름_(5매)__iPhone_16_Plus__아이폰_16_플러스/맥씨_강화유리_필름_(5매)__iPhone_16_Plus__아이폰_16_플러스_M.jpg,,"<!--[OPENEDITOR]--><p>맥씨 강화유리 필름 (5매) / iPhone 16 Plus / 아이폰 16 플러스</p><img src=""product_images/맥씨_강화유리_필름_(5매)__iPhone_16_Plus__아이폰_16_플러스/맥씨_강화유리_필름_(5매)__iPhone_16_Plus__아이폰_16_플러스_M.jpg"" /><img src=""product_images/맥씨_강화유리_필름_(5매)__iPhone_16_Plus__아이폰_16_플러스/맥씨_강화유리_필름_(5매)__iPhone_16_Plus__아이폰_16_플러스_01.jpg"" /><img src=""product_images/맥씨_강화유리_필름_(5매)__iPhone_16_Plus__아이폰_16_플러스/맥씨_강화유리_필름_(5매)__iPhone_16_Plus__아이폰_16_플러스_02.jpg"" />","<!--[OPENEDITOR]--><p>맥씨 강화유리 필름 (5매) / iPhone 16 Plus / 아이폰 16 플러스</p><img src=""product_images/맥씨_강화유리_필름_(5매)__iPhone_16_Plus__아이폰_16_플러스/맥씨_강화유리_필름_(5매)__iPhone_16_Plus__아이폰_16_플러스_M.jpg"" /><img src=""product_images/맥씨_강화유리_필름_(5매)__iPhone_16_Plus__아이폰_16_플러스/맥씨_강화유리_필름_(5매)__iPhone_16_Plus__아이폰_16_플러스_01.jpg"" /><img src=""product_images/맥씨_강화유리_필름_(5매)__iPhone_16_Plus__아이폰_16_플러스/맥씨_강화유리_필름_(5매)__iPhone_16_Plus__아이폰_16_플러스_02.jpg"" />",,,
C004008,베온 더셀 접이식 포트 도킹형 보조배터리 4800mAh (메인 C타입 젠더+8핀 케이블),베온 더셀 접이식 포트 도킹형 보조배터리 4800mAh (메인 C타입 젠더+8핀 케이블),,,,,,,,블랙 | 화이트,9000.0,,9000.0,6000,10,,,,"케이스,투명케이스",N,진열,product_images/베온_더셀_접이식_포트_도킹형_보조배터리_4800mAh_(메인_C타입_젠더+8핀_케이블)/베온_더셀_접이식_포트_도킹형_보조배터리_4800mAh_(메인_C타입_젠더+8핀_케이블)_M.jpg,"product_images/베온_더셀_접이식_포트_도킹형_보조배터리_4800mAh_(메인_C타입_젠더+8핀_케이블)/베온_더셀_접이식_포트_도킹형_보조배터리_4800mAh_(메인_C타입_젠더+8핀_케이블)_01.jpg,product_images/베온_더셀_접이식_포트_도킹형_보조배터리_4800mAh_(메인_C타입_젠더+8핀_케이블)/베온_더셀_접이식_포트_도킹형_보조배터리_4800mAh_(메인_C타입_젠더+8핀_케이블)_02.jpg",product_images/베온_더셀_접이식_포트_도킹형_보조배터리_4800mAh_(메인_C타입_젠더+8핀_케이블)/베온_더셀_접이식_포트_도킹형_보조배터리_4800mAh_(메인_C타입_젠더+8핀_케이블)_M.jpg,,"<!--[OPENEDITOR]--><p>베온 더셀 접이식 포트 도킹형 보조배터리 4800mAh (메인 C타입 젠더+8핀 케이블)</p><img src=""product_images/베온_더셀_접이식_포트_도킹형_보조배터리_4800mAh_(메인_C타입_젠더+8핀_케이블)/베온_더셀_접이식_포트_도킹형_보조배터리_4800mAh_(메인_C타입_젠더+8핀_케이블)_M.jpg"" /><img src=""product_images/베온_더셀_접이식_포트_도킹형_보조배터리_4800mAh_(메인_C타입_젠더+8핀_케이블)/베온_더셀_접이식_포트_도킹형_보조배터리_4800mAh_(메인_C타입_젠더+8핀_케이블)_01.jpg"" /><img src=""product_images/베온_더셀_접이식_포트_도킹형_보조배터리_4800mAh_(메인_C타입_젠더+8핀_케이블)/베온_더셀_접이식_포트_도킹형_보조배터리_4800mAh_(메인_C타입_젠더+8핀_케이블)_02.jpg"" />","<!--[OPENEDITOR]--><p>베온 더셀 접이식 포트 도킹형 보조배터리 4800mAh (메인 C타입 젠더+8핀 케이블)</p><img src=""product_images/베온_더셀_접이식_포트_도킹형_보조배터리_4800mAh_(메인_C타입_젠더+8핀_케이블)/베온_더셀_접이식_포트_도킹형_보조배터리_4800mAh_(메인_C타입_젠더+8핀_케이블)_M.jpg"" /><img src=""product_images/베온_더셀_접이식_포트_도킹형_보조배터리_4800mAh_(메인_C타입_젠더+8핀_케이블)/베온_더셀_접이식_포트_도킹형_보조배터리_4800mAh_(메인_C타입_젠더+8핀_케이블)_01.jpg"" /><img src=""product_images/베온_더셀_접이식_포트_도킹형_보조배터리_4800mAh_(메인_C타입_젠더+8핀_케이블)/베온_더셀_접이식_포트_도킹형_보조배터리_4800mAh_(메인_C타입_젠더+8핀_케이블)_02.jpg"" />",,,
C001001,베온 듀얼 아머 클리어 케이스 / iPhone 16 pro / 아이폰 16 프로,베온 듀얼 아머 클리어 케이스 / iPhone 16 pro / 아이폰 16 프로,,,,,,,,단일상품,3600.0,,3600.0,2370,10,,,,"아이폰 16 pro (Iphone 16 Pro),케이스,투명케이스",N,진열,product_images/베온_듀얼_아머_클리어_케이스__iPhone_16_pro__아이폰_16_프로/베온_듀얼_아머_클리어_케이스__iPhone_16_pro__아이폰_16_프로_M.jpg,"product_images/베온_듀얼_아머_클리어_케이스__iPhone_16_pro__아이폰_16_프로/베온_듀얼_아머_클리어_케이스__iPhone_16_pro__아이폰_16_프로_01.jpg,product_images/베온_듀얼_아머_클리어_케이스__iPhone_16_pro__아이폰_16_프로/베온_듀얼_아머_클리어_케이스__iPhone_16_pro__아이폰_16_프로_02.jpg",product_images/베온_듀얼_아머_클리어_케이스__iPhone_16_pro__아이폰_16_프로/베온_듀얼_아머_클리어_케이스__iPhone_16_pro__아이폰_16_프로_M.jpg,,"<!--[OPENEDITOR]--><p>베온 듀얼 아머 클리어 케이스 / iPhone 16 pro / 아이폰 16 프로</p><img src=""product_images/베온_듀얼_아머_클리어_케이스__iPhone_16_pro__아이폰_16_프로/베온_듀얼_아머_클리어_케이스__iPhone_16_pro__아이폰_16_프로_M.jpg"" /><img src=""product_images/베온_듀얼_아머_클리어_케이스__iPhone_16_pro__아이폰_16_프로/베온_듀얼_아머_클리어_케이스__iPhone_16_pro__아이폰_16_프로_01.jpg"" /><img src=""product_images/베온_듀얼_아머_클리어_케이스__iPhone_16_pro__아이폰_16_프로/베온_듀얼_아머_클리어_케이스__iPhone_16_pro__아이폰_16_프로_02.jpg"" />","<!--[OPENEDITOR]--><p>베온 듀얼 아머 클리어 케이스 / iPhone 16 pro / 아이폰 16 프로</p><img src=""product_images/베온_듀얼_아머_클리어_케이스__iPhone_16_pro__아이폰_16_프로/베온_듀얼_아머_클리어_케이스__iPhone_16_pro__아이폰_16_프로_M.jpg"" /><img src=""product_images/베온_듀얼_아머_클리어_케이스__iPhone_16_pro__아이폰_16_프로/베온_듀얼_아머_클리어_케이스__iPhone_16_pro__아이폰_16_프로_01.jpg"" /><img src=""product_images/베온_듀얼_아머_클리어_케이스__iPhone_16_pro__아이폰_16_프로/베온_듀얼_아머_클리어_케이스__iPhone_16_pro__아이폰_16_프로_02.jpg"" />",,,
C001001,베온 듀얼 아머 클리어 케이스 / iPhone 16 Plus / 아이폰 16 플러스,베온 듀얼 아머 클리어 케이스 / iPhone 16 Plus / 아이폰 16 플러스,,,,,,,,단일상품,3600.0,,3600.0,2370,10,,,,"아이폰 16 plus (Iphone 16 Plus),케이스,투명케이스",N,진열,product_images/베온_듀얼_아머_클리어_케이스__iPhone_16_Plus__아이폰_16_플러스/베온_듀얼_아머_클리어_케이스__iPhone_16_Plus__아이폰_16_플러스_M.jpg,"product_images/베온_듀얼_아머_클리어_케이스__iPhone_16_Plus__아이폰_16_플러스/베온_듀얼_아머_클리어_케이스__iPhone_16_Plus__아이폰_16_플러스_01.jpg,product_images/베온_듀얼_아머_클리어_케이스__iPhone_16_Plus__아이폰_16_플러스/베온_듀얼_아머_클리어_케이스__iPhone_16_Plus__아이폰_16_플러스_02.jpg",product_images/베온_듀얼_아머_클리어_케이스__iPhone_16_Plus__아이폰_16_플러스/베온_듀얼_아머_클리어_케이스__iPhone_16_Plus__아이폰_16_플러스_M.jpg,,"<!--[OPENEDITOR]--><p>베온 듀얼 아머 클리어 케이스 / iPhone 16 Plus / 아이폰 16 플러스</p><img src=""product_images/베온_듀얼_아머_클리어_케이스__iPhone_16_Plus__아이폰_16_플러스/베온_듀얼_아머_클리어_케이스__iPhone_16_Plus__아이폰_16_플러스_M.jpg"" /><img src=""product_images/베온_듀얼_아머_클리어_케이스__iPhone_16_Plus__아이폰_16_플러스/베온_듀얼_아머_클리어_케이스__iPhone_16_Plus__아이폰_16_플러스_01.jpg"" /><img src=""product_images/베온_듀얼_아머_클리어_케이스__iPhone_16_Plus__아이폰_16_플러스/베온_듀얼_아머_클리어_케이스__iPhone_16_Plus__아이폰_16_플러스_02.jpg"" />","<!--[OPENEDITOR]--><p>베온 듀얼 아머 클리어 케이스 / iPhone 16 Plus / 아이폰 16 플러스</p><img src=""product_images/베온_듀얼_아머_클리어_케이스__iPhone_16_Plus__아이폰_16_플러스/베온_듀얼_아머_클리어_케이스__iPhone_16_Plus__아이폰_16_플러스_M.jpg"" /><img src=""product_images/베온_듀얼_아머_클리어_케이스__iPhone_16_Plus__아이폰_16_플러스/베온_듀얼_아머_클리어_케이스__iPhone_16_Plus__아이폰_16_플러스_01.jpg"" /><img src=""product_images/베온_듀얼_아머_클리어_케이스__iPhone_16_Plus__아이폰_16_플러스/베온_듀얼_아머_클리어_케이스__iPhone_16_Plus__아이폰_16_플러스_02.jpg"" />",,,
C001001,베온 듀얼 아머 클리어 케이스 / iPhone 16 / 아이폰 16,베온 듀얼 아머 클리어 케이스 / iPhone 16 / 아이폰 16,,,,,,,,단일상품,3600.0,,3600.0,2370,10,,,,"아이폰 16 (Iphone 16),케이스,투명케이스",N,진열,product_images/베온_듀얼_아머_클리어_케이스__iPhone_16__아이폰_16/베온_듀얼_아머_클리어_케이스__iPhone_16__아이폰_16_M.jpg,"product_images/베온_듀얼_아머_클리어_케이스__iPhone_16__아이폰_16/베온_듀얼_아머_클리어_케이스__iPhone_16__아이폰_16_01.jpg,product_images/베온_듀얼_아머_클리어_케이스__iPhone_16__아이폰_16/베온_듀얼_아머_클리어_케이스__iPhone_16__아이폰_16_02.jpg",product_images/베온_듀얼_아머_클리어_케이스__iPhone_16__아이폰_16/베온_듀얼_아머_클리어_케이스__iPhone_16__아이폰_16_M.jpg,,"<!--[OPENEDITOR]--><p>베온 듀얼 아머 클리어 케이스 / iPhone 16 / 아이폰 16</p><img src=""product_images/베온_듀얼_아머_클리어_케이스__iPhone_16__아이폰_16/베온_듀얼_아머_클리어_케이스__iPhone_16__아이폰_16_M.jpg"" /><img src=""product_images/베온_듀얼_아머_클리어_케이스__iPhone_16__아이폰_16/베온_듀얼_아머_클리어_케이스__iPhone_16__아이폰_16_01.jpg"" /><img src=""product_images/베온_듀얼_아머_클리어_케이스__iPhone_16__아이폰_16/베온_듀얼_아머_클리어_케이스__iPhone_16__아이폰_16_02.jpg"" />","<!--[OPENEDITOR]--><p>베온 듀얼 아머 클리어 케이스 / iPhone 16 / 아이폰 16</p><img src=""product_images/베온_듀얼_아머_클리어_케이스__iPhone_16__아이폰_16/베온_듀얼_아머_클리어_케이스__iPhone_16__아이폰_16_M.jpg"" /><img src=""product_images/베온_듀얼_아머_클리어_케이스__iPhone_16__아이폰_16/베온_듀얼_아머_클리어_케이스__iPhone_16__아이폰_16_01.jpg"" /><img src=""product_images/베온_듀얼_아머_클리어_케이스__iPhone_16__아이폰_16/베온_듀얼_아머_클리어_케이스__iPhone_16__아이폰_16_02.jpg"" />",,,
C001001,베온 듀얼 아머 클리어 케이스 / iPhone 16 pro max / 아이폰 16 프로 맥스,베온 듀얼 아머 클리어 케이스 / iPhone 16 pro max / 아이폰 16 프로 맥스,,,,,,,,단일상품,3600.0,,3600.0,2370,10,,,,"아이폰 16 pro max (Iphone 16 Pro Max),케이스,투명케이스",N,진열,product_images/베온_듀얼_아머_클리어_케이스__iPhone_16_pro_max__아이폰_16_프로_맥스/베온_듀얼_아머_클리어_케이스__iPhone_16_pro_max__아이폰_16_프로_맥스_M.jpg,"product_images/베온_듀얼_아머_클리어_케이스__iPhone_16_pro_max__아이폰_16_프로_맥스/베온_듀얼_아머_클리어_케이스__iPhone_16_pro_max__아이폰_16_프로_맥스_01.jpg,product_images/베온_듀얼_아머_클리어_케이스__iPhone_16_pro_max__아이폰_16_프로_맥스/베온_듀얼_아머_클리어_케이스__iPhone_16_pro_max__아이폰_16_프로_맥스_02.jpg",product_images/베온_듀얼_아머_클리어_케이스__iPhone_16_pro_max__아이폰_16_프로_맥스/베온_듀얼_아머_클리어_케이스__iPhone_16_pro_max__아이폰_16_프로_맥스_M.jpg,,"<!--[OPENEDITOR]--><p>베온 듀얼 아머 클리어 케이스 / iPhone 16 pro max / 아이폰 16 프로 맥스</p><img src=""product_images/베온_듀얼_아머_클리어_케이스__iPhone_16_pro_max__아이폰_16_프로_맥스/베온_듀얼_아머_클리어_케이스__iPhone_16_pro_max__아이폰_16_프로_맥스_M.jpg"" /><img src=""product_images/베온_듀얼_아머_클리어_케이스__iPhone_16_pro_max__아이폰_16_프로_맥스/베온_듀얼_아머_클리어_케이스__iPhone_16_pro_max__아이폰_16_프로_맥스_01.jpg"" /><img src=""product_images/베온_듀얼_아머_클리어_케이스__iPhone_16_pro_max__아이폰_16_프로_맥스/베온_듀얼_아머_클리어_케이스__iPhone_16_pro_max__아이폰_16_프로_맥스_02.jpg"" />","<!--[OPENEDITOR]--><p>베온 듀얼 아머 클리어 케이스 / iPhone 16 pro max / 아이폰 16 프로 맥스</p><img src=""product_images/베온_듀얼_아머_클리어_케이스__iPhone_16_pro_max__아이폰_16_프로_맥스/베온_듀얼_아머_클리어_케이스__iPhone_16_pro_max__아이폰_16_프로_맥스_M.jpg"" /><img src=""product_images/베온_듀얼_아머_클리어_케이스__iPhone_16_pro_max__아이폰_16_프로_맥스/베온_듀얼_아머_클리어_케이스__iPhone_16_pro_max__아이폰_16_프로_맥스_01.jpg"" /><img src=""product_images/베온_듀얼_아머_클리어_케이스__iPhone_16_pro_max__아이폰_16_프로_맥스/베온_듀얼_아머_클리어_케이스__iPhone_16_pro_max__아이폰_16_프로_맥스_02.jpg"" />",,,
C001001,베온 초강력 맥세이프 클리어 케이스 / iPhone 16 Plus / 아이폰 16 플러스,베온 초강력 맥세이프 클리어 케이스 / iPhone 16 Plus / 아이폰 16 플러스,,,,,,,,단일상품,5400.0,,5400.0,3600,10,,,,"아이폰 16 plus (Iphone 16 Plus),케이스,투명케이스",N,진열,product_images/베온_초강력_맥세이프_클리어_케이스__iPhone_16_Plus__아이폰_16_플러스/베온_초강력_맥세이프_클리어_케이스__iPhone_16_Plus__아이폰_16_플러스_M.jpg,"product_images/베온_초강력_맥세이프_클리어_케이스__iPhone_16_Plus__아이폰_16_플러스/베온_초강력_맥세이프_클리어_케이스__iPhone_16_Plus__아이폰_16_플러스_01.jpg,product_images/베온_초강력_맥세이프_클리어_케이스__iPhone_16_Plus__아이폰_16_플러스/베온_초강력_맥세이프_클리어_케이스__iPhone_16_Plus__아이폰_16_플러스_02.jpg",product_images/베온_초강력_맥세이프_클리어_케이스__iPhone_16_Plus__아이폰_16_플러스/베온_초강력_맥세이프_클리어_케이스__iPhone_16_Plus__아이폰_16_플러스_M.jpg,,"<!--[OPENEDITOR]--><p>베온 초강력 맥세이프 클리어 케이스 / iPhone 16 Plus / 아이폰 16 플러스</p><img src=""product_images/베온_초강력_맥세이프_클리어_케이스__iPhone_16_Plus__아이폰_16_플러스/베온_초강력_맥세이프_클리어_케이스__iPhone_16_Plus__아이폰_16_플러스_M.jpg"" /><img src=""product_images/베온_초강력_맥세이프_클리어_케이스__iPhone_16_Plus__아이폰_16_플러스/베온_초강력_맥세이프_클리어_케이스__iPhone_16_Plus__아이폰_16_플러스_01.jpg"" /><img src=""product_images/베온_초강력_맥세이프_클리어_케이스__iPhone_16_Plus__아이폰_16_플러스/베온_초강력_맥세이프_클리어_케이스__iPhone_16_Plus__아이폰_16_플러스_02.jpg"" />","<!--[OPENEDITOR]--><p>베온 초강력 맥세이프 클리어 케이스 / iPhone 16 Plus / 아이폰 16 플러스</p><img src=""product_images/베온_초강력_맥세이프_클리어_케이스__iPhone_16_Plus__아이폰_16_플러스/베온_초강력_맥세이프_클리어_케이스__iPhone_16_Plus__아이폰_16_플러스_M.jpg"" /><img src=""product_images/베온_초강력_맥세이프_클리어_케이스__iPhone_16_Plus__아이폰_16_플러스/베온_초강력_맥세이프_클리어_케이스__iPhone_16_Plus__아이폰_16_플러스_01.jpg"" /><img src=""product_images/베온_초강력_맥세이프_클리어_케이스__iPhone_16_Plus__아이폰_16_플러스/베온_초강력_맥세이프_클리어_케이스__iPhone_16_Plus__아이폰_16_플러스_02.jpg"" />",,,
C002001,맥씨 강화유리 필름 (5매) / iPhone 16 pro max / 아이폰 16 프로 맥스,맥씨 강화유리 필름 (5매) / iPhone 16 pro max / 아이폰 16 프로 맥스,,,,,,,,단일상품,3800.0,,3800.0,2500,10,,,,"아이폰 16 pro max (Iphone 16 Pro Max),케이스,투명케이스",N,진열,product_images/맥씨_강화유리_필름_(5매)__iPhone_16_pro_max__아이폰_16_프로_맥스/맥씨_강화유리_필름_(5매)__iPhone_16_pro_max__아이폰_16_프로_맥스_M.jpg,"product_images/맥씨_강화유리_필름_(5매)__iPhone_16_pro_max__아이폰_16_프로_맥스/맥씨_강화유리_필름_(5매)__iPhone_16_pro_max__아이폰_16_프로_맥스_01.jpg,product_images/맥씨_강화유리_필름_(5매)__iPhone_16_pro_max__아이폰_16_프로_맥스/맥씨_강화유리_필름_(5매)__iPhone_16_pro_max__아이폰_16_프로_맥스_02.jpg",product_images/맥씨_강화유리_필름_(5매)__iPhone_16_pro_max__아이폰_16_프로_맥스/맥씨_강화유리_필름_(5매)__iPhone_16_pro_max__아이폰_16_프로_맥스_M.jpg,,"<!--[OPENEDITOR]--><p>맥씨 강화유리 필름 (5매) / iPhone 16 pro max / 아이폰 16 프로 맥스</p><img src=""product_images/맥씨_강화유리_필름_(5매)__iPhone_16_pro_max__아이폰_16_프로_맥스/맥씨_강화유리_필름_(5매)__iPhone_16_pro_max__아이폰_16_프로_맥스_M.jpg"" /><img src=""product_images/맥씨_강화유리_필름_(5매)__iPhone_16_pro_max__아이폰_16_프로_맥스/맥씨_강화유리_필름_(5매)__iPhone_16_pro_max__아이폰_16_프로_맥스_01.jpg"" /><img src=""product_images/맥씨_강화유리_필름_(5매)__iPhone_16_pro_max__아이폰_16_프로_맥스/맥씨_강화유리_필름_(5매)__iPhone_16_pro_max__아이폰_16_프로_맥스_02.jpg"" />","<!--[OPENEDITOR]--><p>맥씨 강화유리 필름 (5매) / iPhone 16 pro max / 아이폰 16 프로 맥스</p><img src=""product_images/맥씨_강화유리_필름_(5매)__iPhone_16_pro_max__아이폰_16_프로_맥스/맥씨_강화유리_필름_(5매)__iPhone_16_pro_max__아이폰_16_프로_맥스_M.jpg"" /><img src=""product_images/맥씨_강화유리_필름_(5매)__iPhone_16_pro_max__아이폰_16_프로_맥스/맥씨_강화유리_필름_(5매)__iPhone_16_pro_max__아이폰_16_프로_맥스_01.jpg"" /><img src=""product_images/맥씨_강화유리_필름_(5매)__iPhone_16_pro_max__아이폰_16_프로_맥스/맥씨_강화유리_필름_(5매)__iPhone_16_pro_max__아이폰_16_프로_맥스_02.jpg"" />",,,
C002001,맥씨 강화유리 필름 (5매) / iPhone 16 pro / 아이폰 16 프로,맥씨 강화유리 필름 (5매) / iPhone 16 pro / 아이폰 16 프로,,,,,,,,단일상품,3800.0,,3800.0,2500,10,,,,"아이폰 16 pro (Iphone 16 Pro),케이스,투명케이스",N,진열,product_images/맥씨_강화유리_필름_(5매)__iPhone_16_pro__아이폰_16_프로/맥씨_강화유리_필름_(5매)__iPhone_16_pro__아이폰_16_프로_M.jpg,"product_images/맥씨_강화유리_필름_(5매)__iPhone_16_pro__아이폰_16_프로/맥씨_강화유리_필름_(5매)__iPhone_16_pro__아이폰_16_프로_01.jpg,product_images/맥씨_강화유리_필름_(5매)__iPhone_16_pro__아이폰_16_프로/맥씨_강화유리_필름_(5매)__iPhone_16_pro__아이폰_16_프로_02.jpg",product_images/맥씨_강화유리_필름_(5매)__iPhone_16_pro__아이폰_16_프로/맥씨_강화유리_필름_(5매)__iPhone_16_pro__아이폰_16_프로_M.jpg,,"<!--[OPENEDITOR]--><p>맥씨 강화유리 필름 (5매) / iPhone 16 pro / 아이폰 16 프로</p><img src=""product_images/맥씨_강화유리_필름_(5매)__iPhone_16_pro__아이폰_16_프로/맥씨_강화유리_필름_(5매)__iPhone_16_pro__아이폰_16_프로_M.jpg"" /><img src=""product_images/맥씨_강화유리_필름_(5매)__iPhone_16_pro__아이폰_16_프로/맥씨_강화유리_필름_(5매)__iPhone_16_pro__아이폰_16_프로_01.jpg"" /><img src=""product_images/맥씨_강화유리_필름_(5매)__iPhone_16_pro__아이폰_16_프로/맥씨_강화유리_필름_(5매)__iPhone_16_pro__아이폰_16_프로_02.jpg"" />","<!--[OPENEDITOR]--><p>맥씨 강화유리 필름 (5매) / iPhone 16 pro / 아이폰 16 프로</p><img src=""product_images/맥씨_강화유리_필름_(5매)__iPhone_16_pro__아이폰_16_프로/맥씨_강화유리_필름_(5매)__iPhone_16_pro__아이폰_16_프로_M.jpg"" /><img src=""product_images/맥씨_강화유리_필름_(5매)__iPhone_16_pro__아이폰_16_프로/맥씨_강화유리_필름_(5매)__iPhone_16_pro__아이폰_16_프로_01.jpg"" /><img src=""product_images/맥씨_강화유리_필름_(5매)__iPhone_16_pro__아이폰_16_프로/맥씨_강화유리_필름_(5매)__iPhone_16_pro__아이폰_16_프로_02.jpg"" />",,,
C002001,맥씨 강화유리 필름 (5매) / iPhone 16 / 아이폰 16,맥씨 강화유리 필름 (5매) / iPhone 16 / 아이폰 16,,,,,,,,단일상품,3800.0,,3800.0,2500,10,,,,"아이폰 16 (Iphone 16),케이스,투명케이스",N,진열,product_images/맥씨_강화유리_필름_(5매)__iPhone_16__아이폰_16/맥씨_강화유리_필름_(5매)__iPhone_16__아이폰_16_M.jpg,"product_images/맥씨_강화유리_필름_(5매)__iPhone_16__아이폰_16/맥씨_강화유리_필름_(5매)__iPhone_16__아이폰_16_01.jpg,product_images/맥씨_강화유리_필름_(5매)__iPhone_16__아이폰_16/맥씨_강화유리_필름_(5매)__iPhone_16__아이폰_16_02.jpg",product_images/맥씨_강화유리_필름_(5매)__iPhone_16__아이폰_16/맥씨_강화유리_필름_(5매)__iPhone_16__아이폰_16_M.jpg,,"<!--[OPENEDITOR]--><p>맥씨 강화유리 필름 (5매) / iPhone 16 / 아이폰 16</p><img src=""product_images/맥씨_강화유리_필름_(5매)__iPhone_16__아이폰_16/맥씨_강화유리_필름_(5매)__iPhone_16__아이폰_16_M.jpg"" /><img src=""product_images/맥씨_강화유리_필름_(5매)__iPhone_16__아이폰_16/맥씨_강화유리_필름_(5매)__iPhone_16__아이폰_16_01.jpg"" /><img src=""product_images/맥씨_강화유리_필름_(5매)__iPhone_16__아이폰_16/맥씨_강화유리_필름_(5매)__iPhone_16__아이폰_16_02.jpg"" />","<!--[OPENEDITOR]--><p>맥씨 강화유리 필름 (5매) / iPhone 16 / 아이폰 16</p><img src=""product_images/맥씨_강화유리_필름_(5매)__iPhone_16__아이폰_16/맥씨_강화유리_필름_(5매)__iPhone_16__아이폰_16_M.jpg"" /><img src=""product_images/맥씨_강화유리_필름_(5매)__iPhone_16__아이폰_16/맥씨_강화유리_필름_(5매)__iPhone_16__아이폰_16_01.jpg"" /><img src=""product_images/맥씨_강화유리_필름_(5매)__iPhone_16__아이폰_16/맥씨_강화유리_필름_(5매)__iPhone_16__아이폰_16_02.jpg"" />",,,
C002001,베온 슈퍼글라스 프라이버시 풀커버 강화유리 필름 (1매) / iPhone 16 pro max / 아이폰 16 프로 맥스,베온 슈퍼글라스 프라이버시 풀커버 강화유리 필름 (1매) / iPhone 16 pro max / 아이폰 16 프로 맥스,,,,,,,,단일상품,5500.0,,5500.0,3650,10,,,,"아이폰 16 pro max (Iphone 16 Pro Max),케이스,투명케이스",N,진열,product_images/베온_슈퍼글라스_프라이버시_풀커버_강화유리_필름_(1매)__iPhone_16_pro_max__아이폰_16_프로_맥스/베온_슈퍼글라스_프라이버시_풀커버_강화유리_필름_(1매)__iPhone_16_pro_max__아이폰_16_프로_맥스_M.jpg,"product_images/베온_슈퍼글라스_프라이버시_풀커버_강화유리_필름_(1매)__iPhone_16_pro_max__아이폰_16_프로_맥스/베온_슈퍼글라스_프라이버시_풀커버_강화유리_필름_(1매)__iPhone_16_pro_max__아이폰_16_프로_맥스_01.jpg,product_images/베온_슈퍼글라스_프라이버시_풀커버_강화유리_필름_(1매)__iPhone_16_pro_max__아이폰_16_프로_맥스/베온_슈퍼글라스_프라이버시_풀커버_강화유리_필름_(1매)__iPhone_16_pro_max__아이폰_16_프로_맥스_02.jpg",product_images/베온_슈퍼글라스_프라이버시_풀커버_강화유리_필름_(1매)__iPhone_16_pro_max__아이폰_16_프로_맥스/베온_슈퍼글라스_프라이버시_풀커버_강화유리_필름_(1매)__iPhone_16_pro_max__아이폰_16_프로_맥스_M.jpg,,"<!--[OPENEDITOR]--><p>베온 슈퍼글라스 프라이버시 풀커버 강화유리 필름 (1매) / iPhone 16 pro max / 아이폰 16 프로 맥스</p><img src=""product_images/베온_슈퍼글라스_프라이버시_풀커버_강화유리_필름_(1매)__iPhone_16_pro_max__아이폰_16_프로_맥스/베온_슈퍼글라스_프라이버시_풀커버_강화유리_필름_(1매)__iPhone_16_pro_max__아이폰_16_프로_맥스_M.jpg"" /><img src=""product_images/베온_슈퍼글라스_프라이버시_풀커버_강화유리_필름_(1매)__iPhone_16_pro_max__아이폰_16_프로_맥스/베온_슈퍼글라스_프라이버시_풀커버_강화유리_필름_(1매)__iPhone_16_pro_max__아이폰_16_프로_맥스_01.jpg"" /><img src=""product_images/베온_슈퍼글라스_프라이버시_풀커버_강화유리_필름_(1매)__iPhone_16_pro_max__아이폰_16_프로_맥스/베온_슈퍼글라스_프라이버시_풀커버_강화유리_필름_(1매)__iPhone_16_pro_max__아이폰_16_프로_맥스_02.jpg"" />","<!--[OPENEDITOR]--><p>베온 슈퍼글라스 프라이버시 풀커버 강화유리 필름 (1매) / iPhone 16 pro max / 아이폰 16 프로 맥스</p><img src=""product_images/베온_슈퍼글라스_프라이버시_풀커버_강화유리_필름_(1매)__iPhone_16_pro_max__아이폰_16_프로_맥스/베온_슈퍼글라스_프라이버시_풀커버_강화유리_필름_(1매)__iPhone_16_pro_max__아이폰_16_프로_맥스_M.jpg"" /><img src=""product_images/베온_슈퍼글라스_프라이버시_풀커버_강화유리_필름_(1매)__iPhone_16_pro_max__아이폰_16_프로_맥스/베온_슈퍼글라스_프라이버시_풀커버_강화유리_필름_(1매)__iPhone_16_pro_max__아이폰_16_프로_맥스_01.jpg"" /><img src=""product_images/베온_슈퍼글라스_프라이버시_풀커버_강화유리_필름_(1매)__iPhone_16_pro_max__아이폰_16_프로_맥스/베온_슈퍼글라스_프라이버시_풀커버_강화유리_필름_(1매)__iPhone_16_pro_max__아이폰_16_프로_맥스_02.jpg"" />",,,
C002001,베온 슈퍼글라스 프라이버시 풀커버 강화유리 필름 (1매) / iPhone 16 pro / 아이폰 16 프로,베온 슈퍼글라스 프라이버시 풀커버 강화유리 필름 (1매) / iPhone 16 pro / 아이폰 16 프로,,,,,,,,단일상품,5500.0,,5500.0,3650,10,,,,"아이폰 16 pro (Iphone 16 Pro),케이스,투명케이스",N,진열,product_images/베온_슈퍼글라스_프라이버시_풀커버_강화유리_필름_(1매)__iPhone_16_pro__아이폰_16_프로/베온_슈퍼글라스_프라이버시_풀커버_강화유리_필름_(1매)__iPhone_16_pro__아이폰_16_프로_M.jpg,"product_images/베온_슈퍼글라스_프라이버시_풀커버_강화유리_필름_(1매)__iPhone_16_pro__아이폰_16_프로/베온_슈퍼글라스_프라이버시_풀커버_강화유리_필름_(1매)__iPhone_16_pro__아이폰_16_프로_01.jpg,product_images/베온_슈퍼글라스_프라이버시_풀커버_강화유리_필름_(1매)__iPhone_16_pro__아이폰_16_프로/베온_슈퍼글라스_프라이버시_풀커버_강화유리_필름_(1매)__iPhone_16_pro__아이폰_16_프로_02.jpg",product_images/베온_슈퍼글라스_프라이버시_풀커버_강화유리_필름_(1매)__iPhone_16_pro__아이폰_16_프로/베온_슈퍼글라스_프라이버시_풀커버_강화유리_필름_(1매)__iPhone_16_pro__아이폰_16_프로_M.jpg,,"<!--[OPENEDITOR]--><p>베온 슈퍼글라스 프라이버시 풀커버 강화유리 필름 (1매) / iPhone 16 pro / 아이폰 16 프로</p><img src=""product_images/베온_슈퍼글라스_프라이버시_풀커버_강화유리_필름_(1매)__iPhone_16_pro__아이폰_16_프로/베온_슈퍼글라스_프라이버시_풀커버_강화유리_필름_(1매)__iPhone_16_pro__아이폰_16_프로_M.jpg"" /><img src=""product_images/베온_슈퍼글라스_프라이버시_풀커버_강화유리_필름_(1매)__iPhone_16_pro__아이폰_16_프로/베온_슈퍼글라스_프라이버시_풀커버_강화유리_필름_(1매)__iPhone_16_pro__아이폰_16_프로_01.jpg"" /><img src=""product_images/베온_슈퍼글라스_프라이버시_풀커버_강화유리_필름_(1매)__iPhone_16_pro__아이폰_16_프로/베온_슈퍼글라스_프라이버시_풀커버_강화유리_필름_(1매)__iPhone_16_pro__아이폰_16_프로_02.jpg"" />","<!--[OPENEDITOR]--><p>베온 슈퍼글라스 프라이버시 풀커버 강화유리 필름 (1매) / iPhone 16 pro / 아이폰 16 프로</p><img src=""product_images/베온_슈퍼글라스_프라이버시_풀커버_강화유리_필름_(1매)__iPhone_16_pro__아이폰_16_프로/베온_슈퍼글라스_프라이버시_풀커버_강화유리_필름_(1매)__iPhone_16_pro__아이폰_16_프로_M.jpg"" /><img src=""product_images/베온_슈퍼글라스_프라이버시_풀커버_강화유리_필름_(1매)__iPhone_16_pro__아이폰_16_프로/베온_슈퍼글라스_프라이버시_풀커버_강화유리_필름_(1매)__iPhone_16_pro__아이폰_16_프로_01.jpg"" /><img src=""product_images/베온_슈퍼글라스_프라이버시_풀커버_강화유리_필름_(1매)__iPhone_16_pro__아이폰_16_프로/베온_슈퍼글라스_프라이버시_풀커버_강화유리_필름_(1매)__iPhone_16_pro__아이폰_16_프로_02.jpg"" />",,,
C002001,베온 슈퍼글라스 프라이버시 풀커버 강화유리 필름 (1매) / iPhone 16 Plus / 아이폰 16 플러스,베온 슈퍼글라스 프라이버시 풀커버 강화유리 필름 (1매) / iPhone 16 Plus / 아이폰 16 플러스,,,,,,,,단일상품,5500.0,,5500.0,3650,10,,,,"아이폰 16 plus (Iphone 16 Plus),케이스,투명케이스",N,진열,product_images/베온_슈퍼글라스_프라이버시_풀커버_강화유리_필름_(1매)__iPhone_16_Plus__아이폰_16_플러스/베온_슈퍼글라스_프라이버시_풀커버_강화유리_필름_(1매)__iPhone_16_Plus__아이폰_16_플러스_M.jpg,"product_images/베온_슈퍼글라스_프라이버시_풀커버_강화유리_필름_(1매)__iPhone_16_Plus__아이폰_16_플러스/베온_슈퍼글라스_프라이버시_풀커버_강화유리_필름_(1매)__iPhone_16_Plus__아이폰_16_플러스_01.jpg,product_images/베온_슈퍼글라스_프라이버시_풀커버_강화유리_필름_(1매)__iPhone_16_Plus__아이폰_16_플러스/베온_슈퍼글라스_프라이버시_풀커버_강화유리_필름_(1매)__iPhone_16_Plus__아이폰_16_플러스_02.jpg",product_images/베온_슈퍼글라스_프라이버시_풀커버_강화유리_필름_(1매)__iPhone_16_Plus__아이폰_16_플러스/베온_슈퍼글라스_프라이버시_풀커버_강화유리_필름_(1매)__iPhone_16_Plus__아이폰_16_플러스_M.jpg,,"<!--[OPENEDITOR]--><p>베온 슈퍼글라스 프라이버시 풀커버 강화유리 필름 (1매) / iPhone 16 Plus / 아이폰 16 플러스</p><img src=""product_images/베온_슈퍼글라스_프라이버시_풀커버_강화유리_필름_(1매)__iPhone_16_Plus__아이폰_16_플러스/베온_슈퍼글라스_프라이버시_풀커버_강화유리_필름_(1매)__iPhone_16_Plus__아이폰_16_플러스_M.jpg"" /><img src=""product_images/베온_슈퍼글라스_프라이버시_풀커버_강화유리_필름_(1매)__iPhone_16_Plus__아이폰_16_플러스/베온_슈퍼글라스_프라이버시_풀커버_강화유리_필름_(1매)__iPhone_16_Plus__아이폰_16_플러스_01.jpg"" /><img src=""product_images/베온_슈퍼글라스_프라이버시_풀커버_강화유리_필름_(1매)__iPhone_16_Plus__아이폰_16_플러스/베온_슈퍼글라스_프라이버시_풀커버_강화유리_필름_(1매)__iPhone_16_Plus__아이폰_16_플러스_02.jpg"" />","<!--[OPENEDITOR]--><p>베온 슈퍼글라스 프라이버시 풀커버 강화유리 필름 (1매) / iPhone 16 Plus / 아이폰 16 플러스</p><img src=""product_images/베온_슈퍼글라스_프라이버시_풀커버_강화유리_필름_(1매)__iPhone_16_Plus__아이폰_16_플러스/베온_슈퍼글라스_프라이버시_풀커버_강화유리_필름_(1매)__iPhone_16_Plus__아이폰_16_플러스_M.jpg"" /><img src=""product_images/베온_슈퍼글라스_프라이버시_풀커버_강화유리_필름_(1매)__iPhone_16_Plus__아이폰_16_플러스/베온_슈퍼글라스_프라이버시_풀커버_강화유리_필름_(1매)__iPhone_16_Plus__아이폰_16_플러스_01.jpg"" /><img src=""product_images/베온_슈퍼글라스_프라이버시_풀커버_강화유리_필름_(1매)__iPhone_16_Plus__아이폰_16_플러스/베온_슈퍼글라스_프라이버시_풀커버_강화유리_필름_(1매)__iPhone_16_Plus__아이폰_16_플러스_02.jpg"" />",,,
C002001,베온 슈퍼글라스 프라이버시 풀커버 강화유리 필름 (1매) / iPhone 16 / 아이폰 16,베온 슈퍼글라스 프라이버시 풀커버 강화유리 필름 (1매) / iPhone 16 / 아이폰 16,,,,,,,,단일상품,5500.0,,5500.0,3650,10,,,,"아이폰 16 (Iphone 16),케이스,투명케이스",N,진열,product_images/베온_슈퍼글라스_프라이버시_풀커버_강화유리_필름_(1매)__iPhone_16__아이폰_16/베온_슈퍼글라스_프라이버시_풀커버_강화유리_필름_(1매)__iPhone_16__아이폰_16_M.jpg,"product_images/베온_슈퍼글라스_프라이버시_풀커버_강화유리_필름_(1매)__iPhone_16__아이폰_16/베온_슈퍼글라스_프라이버시_풀커버_강화유리_필름_(1매)__iPhone_16__아이폰_16_01.jpg,product_images/베온_슈퍼글라스_프라이버시_풀커버_강화유리_필름_(1매)__iPhone_16__아이폰_16/베온_슈퍼글라스_프라이버시_풀커버_강화유리_필름_(1매)__iPhone_16__아이폰_16_02.jpg",product_images/베온_슈퍼글라스_프라이버시_풀커버_강화유리_필름_(1매)__iPhone_16__아이폰_16/베온_슈퍼글라스_프라이버시_풀커버_강화유리_필름_(1매)__iPhone_16__아이폰_16_M.jpg,,"<!--[OPENEDITOR]--><p>베온 슈퍼글라스 프라이버시 풀커버 강화유리 필름 (1매) / iPhone 16 / 아이폰 16</p><img src=""product_images/베온_슈퍼글라스_프라이버시_풀커버_강화유리_필름_(1매)__iPhone_16__아이폰_16/베온_슈퍼글라스_프라이버시_풀커버_강화유리_필름_(1매)__iPhone_16__아이폰_16_M.jpg"" /><img src=""product_images/베온_슈퍼글라스_프라이버시_풀커버_강화유리_필름_(1매)__iPhone_16__아이폰_16/베온_슈퍼글라스_프라이버시_풀커버_강화유리_필름_(1매)__iPhone_16__아이폰_16_01.jpg"" /><img src=""product_images/베온_슈퍼글라스_프라이버시_풀커버_강화유리_필름_(1매)__iPhone_16__아이폰_16/베온_슈퍼글라스_프라이버시_풀커버_강화유리_필름_(1매)__iPhone_16__아이폰_16_02.jpg"" />","<!--[OPENEDITOR]--><p>베온 슈퍼글라스 프라이버시 풀커버 강화유리 필름 (1매) / iPhone 16 / 아이폰 16</p><img src=""product_images/베온_슈퍼글라스_프라이버시_풀커버_강화유리_필름_(1매)__iPhone_16__아이폰_16/베온_슈퍼글라스_프라이버시_풀커버_강화유리_필름_(1매)__iPhone_16__아이폰_16_M.jpg"" /><img src=""product_images/베온_슈퍼글라스_프라이버시_풀커버_강화유리_필름_(1매)__iPhone_16__아이폰_16/베온_슈퍼글라스_프라이버시_풀커버_강화유리_필름_(1매)__iPhone_16__아이폰_16_01.jpg"" /><img src=""product_images/베온_슈퍼글라스_프라이버시_풀커버_강화유리_필름_(1매)__iPhone_16__아이폰_16/베온_슈퍼글라스_프라이버시_풀커버_강화유리_필름_(1매)__iPhone_16__아이폰_16_02.jpg"" />",,,
C002001,베온 클리어 강화유리 필름 (5매) / iPhone 16 pro max / 아이폰 16 프로 맥스,베온 클리어 강화유리 필름 (5매) / iPhone 16 pro max / 아이폰 16 프로 맥스,,,,,,,,단일상품,4900.0,,4900.0,3270,10,,,,"아이폰 16 pro max (Iphone 16 Pro Max),케이스,투명케이스",N,진열,product_images/베온_클리어_강화유리_필름_(5매)__iPhone_16_pro_max__아이폰_16_프로_맥스/베온_클리어_강화유리_필름_(5매)__iPhone_16_pro_max__아이폰_16_프로_맥스_M.jpg,"product_images/베온_클리어_강화유리_필름_(5매)__iPhone_16_pro_max__아이폰_16_프로_맥스/베온_클리어_강화유리_필름_(5매)__iPhone_16_pro_max__아이폰_16_프로_맥스_01.jpg,product_images/베온_클리어_강화유리_필름_(5매)__iPhone_16_pro_max__아이폰_16_프로_맥스/베온_클리어_강화유리_필름_(5매)__iPhone_16_pro_max__아이폰_16_프로_맥스_02.jpg",product_images/베온_클리어_강화유리_필름_(5매)__iPhone_16_pro_max__아이폰_16_프로_맥스/베온_클리어_강화유리_필름_(5매)__iPhone_16_pro_max__아이폰_16_프로_맥스_M.jpg,,"<!--[OPENEDITOR]--><p>베온 클리어 강화유리 필름 (5매) / iPhone 16 pro max / 아이폰 16 프로 맥스</p><img src=""product_images/베온_클리어_강화유리_필름_(5매)__iPhone_16_pro_max__아이폰_16_프로_맥스/베온_클리어_강화유리_필름_(5매)__iPhone_16_pro_max__아이폰_16_프로_맥스_M.jpg"" /><img src=""product_images/베온_클리어_강화유리_필름_(5매)__iPhone_16_pro_max__아이폰_16_프로_맥스/베온_클리어_강화유리_필름_(5매)__iPhone_16_pro_max__아이폰_16_프로_맥스_01.jpg"" /><img src=""product_images/베온_클리어_강화유리_필름_(5매)__iPhone_16_pro_max__아이폰_16_프로_맥스/베온_클리어_강화유리_필름_(5매)__iPhone_16_pro_max__아이폰_16_프로_맥스_02.jpg"" />","<!--[OPENEDITOR]--><p>베온 클리어 강화유리 필름 (5매) / iPhone 16 pro max / 아이폰 16 프로 맥스</p><img src=""product_images/베온_클리어_강화유리_필름_(5매)__iPhone_16_pro_max__아이폰_16_프로_맥스/베온_클리어_강화유리_필름_(5매)__iPhone_16_pro_max__아이폰_16_프로_맥스_M.jpg"" /><img src=""product_images/베온_클리어_강화유리_필름_(5매)__iPhone_16_pro_max__아이폰_16_프로_맥스/베온_클리어_강화유리_필름_(5매)__iPhone_16_pro_max__아이폰_16_프로_맥스_01.jpg"" /><img src=""product_images/베온_클리어_강화유리_필름_(5매)__iPhone_16_pro_max__아이폰_16_프로_맥스/베온_클리어_강화유리_필름_(5매)__iPhone_16_pro_max__아이폰_16_프로_맥스_02.jpg"" />",,,
C002001,베온 클리어 강화유리 필름 (5매) / iPhone 16 pro / 아이폰 16 프로,베온 클리어 강화유리 필름 (5매) / iPhone 16 pro / 아이폰 16 프로,,,,,,,,단일상품,4900.0,,4900.0,3270,10,,,,"아이폰 16 pro (Iphone 16 Pro),케이스,투명케이스",N,진열,product_images/베온_클리어_강화유리_필름_(5매)__iPhone_16_pro__아이폰_16_프로/베온_클리어_강화유리_필름_(5매)__iPhone_16_pro__아이폰_16_프로_M.jpg,"product_images/베온_클리어_강화유리_필름_(5매)__iPhone_16_pro__아이폰_16_프로/베온_클리어_강화유리_필름_(5매)__iPhone_16_pro__아이폰_16_프로_01.jpg,product_images/베온_클리어_강화유리_필름_(5매)__iPhone_16_pro__아이폰_16_프로/베온_클리어_강화유리_필름_(5매)__iPhone_16_pro__아이폰_16_프로_02.jpg",product_images/베온_클리어_강화유리_필름_(5매)__iPhone_16_pro__아이폰_16_프로/베온_클리어_강화유리_필름_(5매)__iPhone_16_pro__아이폰_16_프로_M.jpg,,"<!--[OPENEDITOR]--><p>베온 클리어 강화유리 필름 (5매) / iPhone 16 pro / 아이폰 16 프로</p><img src=""product_images/베온_클리어_강화유리_필름_(5매)__iPhone_16_pro__아이폰_16_프로/베온_클리어_강화유리_필름_(5매)__iPhone_16_pro__아이폰_16_프로_M.jpg"" /><img src=""product_images/베온_클리어_강화유리_필름_(5매)__iPhone_16_pro__아이폰_16_프로/베온_클리어_강화유리_필름_(5매)__iPhone_16_pro__아이폰_16_프로_01.jpg"" /><img src=""product_images/베온_클리어_강화유리_필름_(5매)__iPhone_16_pro__아이폰_16_프로/베온_클리어_강화유리_필름_(5매)__iPhone_16_pro__아이폰_16_프로_02.jpg"" />","<!--[OPENEDITOR]--><p>베온 클리어 강화유리 필름 (5매) / iPhone 16 pro / 아이폰 16 프로</p><img src=""product_images/베온_클리어_강화유리_필름_(5매)__iPhone_16_pro__아이폰_16_프로/베온_클리어_강화유리_필름_(5매)__iPhone_16_pro__아이폰_16_프로_M.jpg"" /><img src=""product_images/베온_클리어_강화유리_필름_(5매)__iPhone_16_pro__아이폰_16_프로/베온_클리어_강화유리_필름_(5매)__iPhone_16_pro__아이폰_16_프로_01.jpg"" /><img src=""product_images/베온_클리어_강화유리_필름_(5매)__iPhone_16_pro__아이폰_16_프로/베온_클리어_강화유리_필름_(5매)__iPhone_16_pro__아이폰_16_프로_02.jpg"" />",,,
C002001,베온 클리어 강화유리 필름 (5매) / iPhone 16 Plus / 아이폰 16 플러스,베온 클리어 강화유리 필름 (5매) / iPhone 16 Plus / 아이폰 16 플러스,,,,,,,,단일상품,4900.0,,4900.0,3270,10,,,,"아이폰 16 plus (Iphone 16 Plus),케이스,투명케이스",N,진열,product_images/베온_클리어_강화유리_필름_(5매)__iPhone_16_Plus__아이폰_16_플러스/베온_클리어_강화유리_필름_(5매)__iPhone_16_Plus__아이폰_16_플러스_M.jpg,"product_images/베온_클리어_강화유리_필름_(5매)__iPhone_16_Plus__아이폰_16_플러스/베온_클리어_강화유리_필름_(5매)__iPhone_16_Plus__아이폰_16_플러스_01.jpg,product_images/베온_클리어_강화유리_필름_(5매)__iPhone_16_Plus__아이폰_16_플러스/베온_클리어_강화유리_필름_(5매)__iPhone_16_Plus__아이폰_16_플러스_02.jpg",product_images/베온_클리어_강화유리_필름_(5매)__iPhone_16_Plus__아이폰_16_플러스/베온_클리어_강화유리_필름_(5매)__iPhone_16_Plus__아이폰_16_플러스_M.jpg,,"<!--[OPENEDITOR]--><p>베온 클리어 강화유리 필름 (5매) / iPhone 16 Plus / 아이폰 16 플러스</p><img src=""product_images/베온_클리어_강화유리_필름_(5매)__iPhone_16_Plus__아이폰_16_플러스/베온_클리어_강화유리_필름_(5매)__iPhone_16_Plus__아이폰_16_플러스_M.jpg"" /><img src=""product_images/베온_클리어_강화유리_필름_(5매)__iPhone_16_Plus__아이폰_16_플러스/베온_클리어_강화유리_필름_(5매)__iPhone_16_Plus__아이폰_16_플러스_01.jpg"" /><img src=""product_images/베온_클리어_강화유리_필름_(5매)__iPhone_16_Plus__아이폰_16_플러스/베온_클리어_강화유리_필름_(5매)__iPhone_16_Plus__아이폰_16_플러스_02.jpg"" />","<!--[OPENEDITOR]--><p>베온 클리어 강화유리 필름 (5매) / iPhone 16 Plus / 아이폰 16 플러스</p><img src=""product_images/베온_클리어_강화유리_필름_(5매)__iPhone_16_Plus__아이폰_16_플러스/베온_클리어_강화유리_필름_(5매)__iPhone_16_Plus__아이폰_16_플러스_M.jpg"" /><img src=""product_images/베온_클리어_강화유리_필름_(5매)__iPhone_16_Plus__아이폰_16_플러스/베온_클리어_강화유리_필름_(5매)__iPhone_16_Plus__아이폰_16_플러스_01.jpg"" /><img src=""product_images/베온_클리어_강화유리_필름_(5매)__iPhone_16_Plus__아이폰_16_플러스/베온_클리어_강화유리_필름_(5매)__iPhone_16_Plus__아이폰_16_플러스_02.jpg"" />",,,
C002001,베온 클리어 강화유리 필름 (5매) / iPhone 16 / 아이폰 16,베온 클리어 강화유리 필름 (5매) / iPhone 16 / 아이폰 16,,,,,,,,단일상품,4900.0,,4900.0,3270,10,,,,"아이폰 16 (Iphone 16),케이스,투명케이스",N,진열,product_images/베온_클리어_강화유리_필름_(5매)__iPhone_16__아이폰_16/베온_클리어_강화유리_필름_(5매)__iPhone_16__아이폰_16_M.jpg,"product_images/베온_클리어_강화유리_필름_(5매)__iPhone_16__아이폰_16/베온_클리어_강화유리_필름_(5매)__iPhone_16__아이폰_16_01.jpg,product_images/베온_클리어_강화유리_필름_(5매)__iPhone_16__아이폰_16/베온_클리어_강화유리_필름_(5매)__iPhone_16__아이폰_16_02.jpg",product_images/베온_클리어_강화유리_필름_(5매)__iPhone_16__아이폰_16/베온_클리어_강화유리_필름_(5매)__iPhone_16__아이폰_16_M.jpg,,"<!--[OPENEDITOR]--><p>베온 클리어 강화유리 필름 (5매) / iPhone 16 / 아이폰 16</p><img src=""product_images/베온_클리어_강화유리_필름_(5매)__iPhone_16__아이폰_16/베온_클리어_강화유리_필름_(5매)__iPhone_16__아이폰_16_M.jpg"" /><img src=""product_images/베온_클리어_강화유리_필름_(5매)__iPhone_16__아이폰_16/베온_클리어_강화유리_필름_(5매)__iPhone_16__아이폰_16_01.jpg"" /><img src=""product_images/베온_클리어_강화유리_필름_(5매)__iPhone_16__아이폰_16/베온_클리어_강화유리_필름_(5매)__iPhone_16__아이폰_16_02.jpg"" />","<!--[OPENEDITOR]--><p>베온 클리어 강화유리 필름 (5매) / iPhone 16 / 아이폰 16</p><img src=""product_images/베온_클리어_강화유리_필름_(5매)__iPhone_16__아이폰_16/베온_클리어_강화유리_필름_(5매)__iPhone_16__아이폰_16_M.jpg"" /><img src=""product_images/베온_클리어_강화유리_필름_(5매)__iPhone_16__아이폰_16/베온_클리어_강화유리_필름_(5매)__iPhone_16__아이폰_16_01.jpg"" /><img src=""product_images/베온_클리어_강화유리_필름_(5매)__iPhone_16__아이폰_16/베온_클리어_강화유리_필름_(5매)__iPhone_16__아이폰_16_02.jpg"" />",,,
C002001,베온 클리어 글라스 강화유리 필름 (1매) / iPhone 16 pro max / 아이폰 16 프로 맥스,베온 클리어 글라스 강화유리 필름 (1매) / iPhone 16 pro max / 아이폰 16 프로 맥스,,,,,,,,단일상품,1100.0,,1100.0,750,10,,,,"아이폰 16 pro max (Iphone 16 Pro Max),케이스,투명케이스",N,진열,product_images/베온_클리어_글라스_강화유리_필름_(1매)__iPhone_16_pro_max__아이폰_16_프로_맥스/베온_클리어_글라스_강화유리_필름_(1매)__iPhone_16_pro_max__아이폰_16_프로_맥스_M.jpg,"product_images/베온_클리어_글라스_강화유리_필름_(1매)__iPhone_16_pro_max__아이폰_16_프로_맥스/베온_클리어_글라스_강화유리_필름_(1매)__iPhone_16_pro_max__아이폰_16_프로_맥스_01.jpg,product_images/베온_클리어_글라스_강화유리_필름_(1매)__iPhone_16_pro_max__아이폰_16_프로_맥스/베온_클리어_글라스_강화유리_필름_(1매)__iPhone_16_pro_max__아이폰_16_프로_맥스_02.jpg",product_images/베온_클리어_글라스_강화유리_필름_(1매)__iPhone_16_pro_max__아이폰_16_프로_맥스/베온_클리어_글라스_강화유리_필름_(1매)__iPhone_16_pro_max__아이폰_16_프로_맥스_M.jpg,,"<!--[OPENEDITOR]--><p>베온 클리어 글라스 강화유리 필름 (1매) / iPhone 16 pro max / 아이폰 16 프로 맥스</p><img src=""product_images/베온_클리어_글라스_강화유리_필름_(1매)__iPhone_16_pro_max__아이폰_16_프로_맥스/베온_클리어_글라스_강화유리_필름_(1매)__iPhone_16_pro_max__아이폰_16_프로_맥스_M.jpg"" /><img src=""product_images/베온_클리어_글라스_강화유리_필름_(1매)__iPhone_16_pro_max__아이폰_16_프로_맥스/베온_클리어_글라스_강화유리_필름_(1매)__iPhone_16_pro_max__아이폰_16_프로_맥스_01.jpg"" /><img src=""product_images/베온_클리어_글라스_강화유리_필름_(1매)__iPhone_16_pro_max__아이폰_16_프로_맥스/베온_클리어_글라스_강화유리_필름_(1매)__iPhone_16_pro_max__아이폰_16_프로_맥스_02.jpg"" />","<!--[OPENEDITOR]--><p>베온 클리어 글라스 강화유리 필름 (1매) / iPhone 16 pro max / 아이폰 16 프로 맥스</p><img src=""product_images/베온_클리어_글라스_강화유리_필름_(1매)__iPhone_16_pro_max__아이폰_16_프로_맥스/베온_클리어_글라스_강화유리_필름_(1매)__iPhone_16_pro_max__아이폰_16_프로_맥스_M.jpg"" /><img src=""product_images/베온_클리어_글라스_강화유리_필름_(1매)__iPhone_16_pro_max__아이폰_16_프로_맥스/베온_클리어_글라스_강화유리_필름_(1매)__iPhone_16_pro_max__아이폰_16_프로_맥스_01.jpg"" /><img src=""product_images/베온_클리어_글라스_강화유리_필름_(1매)__iPhone_16_pro_max__아이폰_16_프로_맥스/베온_클리어_글라스_강화유리_필름_(1매)__iPhone_16_pro_max__아이폰_16_프로_맥스_02.jpg"" />",,,
