C004008,381. 베온 울트라슬림 맥세이프 고속 무선충전 보조배터리 5000mAh (CTOC 20CM 케이블 포함),381. 베온 울트라슬림 맥세이프 고속 무선충전 보조배터리 5000mAh (CTOC 20CM 케이블 포함),블랙 | 화이트,23200.0,15500,23200.0,1,10,0,0,"갤럭시 s23 울트라 (Galaxy s23 Ultra),케이스,투명케이스",N,진열,./shop_image/202410/veon_magsafe_500%281%29.jpg,AUTO,AUTO,"<!--[OPENEDITOR]--><p>381. 베온 울트라슬림 맥세이프 고속 무선충전 보조배터리 5000mAh (CTOC 20CM 케이블 포함)</p><img src=""./shop_image/202410/veon_magsafe_500%281%29.jpg"" />",갤럭시 s23 울트라 (Galaxy s23 Ultra)
C002001,056. 맥씨 강화유리 필름 (5매) / iPhone 16 Plus / 아이폰 16 플러스,056. 맥씨 강화유리 필름 (5매) / iPhone 16 Plus / 아이폰 16 플러스,단일상품,3800.0,2500,3800.0,1,10,0,0,"아이폰 16 플러스 (iPhone 16 Plus),케이스,투명케이스",N,진열,./shop_image/202410/AORtLRKDGHK5%281%29.jpg,AUTO,AUTO,"<!--[OPENEDITOR]--><p>056. 맥씨 강화유리 필름 (5매) / iPhone 16 Plus / 아이폰 16 플러스</p><img src=""./shop_image/202410/AORtLRKDGHK5%281%29.jpg"" />",아이폰 16 플러스 (iPhone 16 Plus)
C004008,420. 베온 더셀 접이식 포트 도킹형 보조배터리 4800mAh (메인 C타입 젠더+8핀 케이블),420. 베온 더셀 접이식 포트 도킹형 보조배터리 4800mAh (메인 C타입 젠더+8핀 케이블),블랙 | 화이트,9000.0,6000,9000.0,1,10,0,0,"갤럭시 Z 플립 4 (Galaxy Z Flip 4),케이스,투명케이스",N,진열,./shop_image/202409/veon_docking_4800_500%281%29.jpg,AUTO,AUTO,"<!--[OPENEDITOR]--><p>420. 베온 더셀 접이식 포트 도킹형 보조배터리 4800mAh (메인 C타입 젠더+8핀 케이블)</p><img src=""./shop_image/202409/veon_docking_4800_500%281%29.jpg"" />",갤럭시 Z 플립 4 (Galaxy Z Flip 4)
C001001,157. 베온 듀얼 아머 클리어 케이스 / iPhone 16 pro / 아이폰 16 프로,157. 베온 듀얼 아머 클리어 케이스 / iPhone 16 pro / 아이폰 16 프로,단일상품,3600.0,2370,3600.0,1,10,0,0,"아이폰 16 프로 (iPhone 16 Pro),케이스,투명케이스",N,진열,./shop_image/202408/ebdjfdkaj%2810%29.jpg,AUTO,AUTO,"<!--[OPENEDITOR]--><p>157. 베온 듀얼 아머 클리어 케이스 / iPhone 16 pro / 아이폰 16 프로</p><img src=""./shop_image/202408/ebdjfdkaj%2810%29.jpg"" />",아이폰 16 프로 (iPhone 16 Pro)
C001001,157. 베온 듀얼 아머 클리어 케이스 / iPhone 16 Plus / 아이폰 16 플러스,157. 베온 듀얼 아머 클리어 케이스 / iPhone 16 Plus / 아이폰 16 플러스,단일상품,3600.0,2370,3600.0,1,10,0,0,"아이폰 16 플러스 (iPhone 16 Plus),케이스,투명케이스",N,진열,./shop_image/202408/ebdjfdkaj%287%29.jpg,AUTO,AUTO,"<!--[OPENEDITOR]--><p>157. 베온 듀얼 아머 클리어 케이스 / iPhone 16 Plus / 아이폰 16 플러스</p><img src=""./shop_image/202408/ebdjfdkaj%287%29.jpg"" />",아이폰 16 플러스 (iPhone 16 Plus)
C001001,157. 베온 듀얼 아머 클리어 케이스 / iPhone 16 / 아이폰 16,157. 베온 듀얼 아머 클리어 케이스 / iPhone 16 / 아이폰 16,단일상품,3600.0,2370,3600.0,1,10,0,0,"아이폰 16 (iPhone 16),케이스,투명케이스",N,진열,./shop_image/202408/ebdjfdkaj%284%29.jpg,AUTO,AUTO,"<!--[OPENEDITOR]--><p>157. 베온 듀얼 아머 클리어 케이스 / iPhone 16 / 아이폰 16</p><img src=""./shop_image/202408/ebdjfdkaj%284%29.jpg"" />",아이폰 16 (iPhone 16)
C001001,157. 베온 듀얼 아머 클리어 케이스 / iPhone 16 pro max / 아이폰 16 프로 맥스,157. 베온 듀얼 아머 클리어 케이스 / iPhone 16 pro max / 아이폰 16 프로 맥스,단일상품,3600.0,2370,3600.0,1,10,0,0,"아이폰 16 프로 맥스 (iPhone 16 Pro Max),케이스,투명케이스",N,진열,./shop_image/202408/ebdjfdkaj%281%29.jpg,AUTO,AUTO,"<!--[OPENEDITOR]--><p>157. 베온 듀얼 아머 클리어 케이스 / iPhone 16 pro max / 아이폰 16 프로 맥스</p><img src=""./shop_image/202408/ebdjfdkaj%281%29.jpg"" />",아이폰 16 프로 맥스 (iPhone 16 Pro Max)
C001001,003. 베온 초강력 맥세이프 클리어 케이스 / iPhone 16 Plus / 아이폰 16 플러스,003. 베온 초강력 맥세이프 클리어 케이스 / iPhone 16 Plus / 아이폰 16 플러스,단일상품,5400.0,3600,5400.0,1,10,0,0,"아이폰 16 플러스 (iPhone 16 Plus),케이스,투명케이스",N,진열,./shop_image/202408/qpdhschrkdfur%2810%29.jpg,AUTO,AUTO,"<!--[OPENEDITOR]--><p>003. 베온 초강력 맥세이프 클리어 케이스 / iPhone 16 Plus / 아이폰 16 플러스</p><img src=""./shop_image/202408/qpdhschrkdfur%2810%29.jpg"" />",아이폰 16 플러스 (iPhone 16 Plus)
C002001,056. 맥씨 강화유리 필름 (5매) / iPhone 16 pro max / 아이폰 16 프로 맥스,056. 맥씨 강화유리 필름 (5매) / iPhone 16 pro max / 아이폰 16 프로 맥스,단일상품,3800.0,2500,3800.0,1,10,0,0,"아이폰 16 프로 맥스 (iPhone 16 Pro Max),케이스,투명케이스",N,진열,./shop_image/202408/AORtLRKDGHK5%287%29.jpg,AUTO,AUTO,"<!--[OPENEDITOR]--><p>056. 맥씨 강화유리 필름 (5매) / iPhone 16 pro max / 아이폰 16 프로 맥스</p><img src=""./shop_image/202408/AORtLRKDGHK5%287%29.jpg"" />",아이폰 16 프로 맥스 (iPhone 16 Pro Max)
C002001,056. 맥씨 강화유리 필름 (5매) / iPhone 16 pro / 아이폰 16 프로,056. 맥씨 강화유리 필름 (5매) / iPhone 16 pro / 아이폰 16 프로,단일상품,3800.0,2500,3800.0,1,10,0,0,"아이폰 16 프로 (iPhone 16 Pro),케이스,투명케이스",N,진열,./shop_image/202408/AORtLRKDGHK5%284%29.jpg,AUTO,AUTO,"<!--[OPENEDITOR]--><p>056. 맥씨 강화유리 필름 (5매) / iPhone 16 pro / 아이폰 16 프로</p><img src=""./shop_image/202408/AORtLRKDGHK5%284%29.jpg"" />",아이폰 16 프로 (iPhone 16 Pro)
C002001,056. 맥씨 강화유리 필름 (5매) / iPhone 16 / 아이폰 16,056. 맥씨 강화유리 필름 (5매) / iPhone 16 / 아이폰 16,단일상품,3800.0,2500,3800.0,1,10,0,0,"아이폰 16 (iPhone 16),케이스,투명케이스",N,진열,./shop_image/202408/AORtLRKDGHK5%281%29.jpg,AUTO,AUTO,"<!--[OPENEDITOR]--><p>056. 맥씨 강화유리 필름 (5매) / iPhone 16 / 아이폰 16</p><img src=""./shop_image/202408/AORtLRKDGHK5%281%29.jpg"" />",아이폰 16 (iPhone 16)
C002001,003. 베온 슈퍼글라스 프라이버시 풀커버 강화유리 필름 (1매) / iPhone 16 pro max / 아이폰 16 프로 맥스,003. 베온 슈퍼글라스 프라이버시 풀커버 강화유리 필름 (1매) / iPhone 16 pro max / 아이폰 16 프로 맥스,단일상품,5500.0,3650,5500.0,1,10,0,0,"아이폰 16 프로 맥스 (iPhone 16 Pro Max),케이스,투명케이스",N,진열,./shop_image/202408/TBVJRMFFKTMVMFKDLQJTL%2810%29.jpg,AUTO,AUTO,"<!--[OPENEDITOR]--><p>003. 베온 슈퍼글라스 프라이버시 풀커버 강화유리 필름 (1매) / iPhone 16 pro max / 아이폰 16 프로 맥스</p><img src=""./shop_image/202408/TBVJRMFFKTMVMFKDLQJTL%2810%29.jpg"" />",아이폰 16 프로 맥스 (iPhone 16 Pro Max)
C002001,003. 베온 슈퍼글라스 프라이버시 풀커버 강화유리 필름 (1매) / iPhone 16 pro / 아이폰 16 프로,003. 베온 슈퍼글라스 프라이버시 풀커버 강화유리 필름 (1매) / iPhone 16 pro / 아이폰 16 프로,단일상품,5500.0,3650,5500.0,1,10,0,0,"아이폰 16 프로 (iPhone 16 Pro),케이스,투명케이스",N,진열,./shop_image/202408/TBVJRMFFKTMVMFKDLQJTL%287%29.jpg,AUTO,AUTO,"<!--[OPENEDITOR]--><p>003. 베온 슈퍼글라스 프라이버시 풀커버 강화유리 필름 (1매) / iPhone 16 pro / 아이폰 16 프로</p><img src=""./shop_image/202408/TBVJRMFFKTMVMFKDLQJTL%287%29.jpg"" />",아이폰 16 프로 (iPhone 16 Pro)
C002001,003. 베온 슈퍼글라스 프라이버시 풀커버 강화유리 필름 (1매) / iPhone 16 Plus / 아이폰 16 플러스,003. 베온 슈퍼글라스 프라이버시 풀커버 강화유리 필름 (1매) / iPhone 16 Plus / 아이폰 16 플러스,단일상품,5500.0,3650,5500.0,1,10,0,0,"아이폰 16 플러스 (iPhone 16 Plus),케이스,투명케이스",N,진열,./shop_image/202408/TBVJRMFFKTMVMFKDLQJTL%284%29.jpg,AUTO,AUTO,"<!--[OPENEDITOR]--><p>003. 베온 슈퍼글라스 프라이버시 풀커버 강화유리 필름 (1매) / iPhone 16 Plus / 아이폰 16 플러스</p><img src=""./shop_image/202408/TBVJRMFFKTMVMFKDLQJTL%284%29.jpg"" />",아이폰 16 플러스 (iPhone 16 Plus)
C002001,003. 베온 슈퍼글라스 프라이버시 풀커버 강화유리 필름 (1매) / iPhone 16 / 아이폰 16,003. 베온 슈퍼글라스 프라이버시 풀커버 강화유리 필름 (1매) / iPhone 16 / 아이폰 16,단일상품,5500.0,3650,5500.0,1,10,0,0,"아이폰 16 (iPhone 16),케이스,투명케이스",N,진열,./shop_image/202408/TBVJRMFFKTMVMFKDLQJTL%281%29.jpg,AUTO,AUTO,"<!--[OPENEDITOR]--><p>003. 베온 슈퍼글라스 프라이버시 풀커버 강화유리 필름 (1매) / iPhone 16 / 아이폰 16</p><img src=""./shop_image/202408/TBVJRMFFKTMVMFKDLQJTL%281%29.jpg"" />",아이폰 16 (iPhone 16)
C002001,115. 베온 클리어 강화유리 필름 (5매) / iPhone 16 pro max / 아이폰 16 프로 맥스,115. 베온 클리어 강화유리 필름 (5매) / iPhone 16 pro max / 아이폰 16 프로 맥스,단일상품,4900.0,3270,4900.0,1,10,0,0,"아이폰 16 프로 맥스 (iPhone 16 Pro Max),케이스,투명케이스",N,진열,./shop_image/202408/qpdhszmffldj5%2810%29.jpg,AUTO,AUTO,"<!--[OPENEDITOR]--><p>115. 베온 클리어 강화유리 필름 (5매) / iPhone 16 pro max / 아이폰 16 프로 맥스</p><img src=""./shop_image/202408/qpdhszmffldj5%2810%29.jpg"" />",아이폰 16 프로 맥스 (iPhone 16 Pro Max)
C002001,115. 베온 클리어 강화유리 필름 (5매) / iPhone 16 pro / 아이폰 16 프로,115. 베온 클리어 강화유리 필름 (5매) / iPhone 16 pro / 아이폰 16 프로,단일상품,4900.0,3270,4900.0,1,10,0,0,"아이폰 16 프로 (iPhone 16 Pro),케이스,투명케이스",N,진열,./shop_image/202408/qpdhszmffldj5%287%29.jpg,AUTO,AUTO,"<!--[OPENEDITOR]--><p>115. 베온 클리어 강화유리 필름 (5매) / iPhone 16 pro / 아이폰 16 프로</p><img src=""./shop_image/202408/qpdhszmffldj5%287%29.jpg"" />",아이폰 16 프로 (iPhone 16 Pro)
C002001,115. 베온 클리어 강화유리 필름 (5매) / iPhone 16 Plus / 아이폰 16 플러스,115. 베온 클리어 강화유리 필름 (5매) / iPhone 16 Plus / 아이폰 16 플러스,단일상품,4900.0,3270,4900.0,1,10,0,0,"아이폰 16 플러스 (iPhone 16 Plus),케이스,투명케이스",N,진열,./shop_image/202408/qpdhszmffldj5%284%29.jpg,AUTO,AUTO,"<!--[OPENEDITOR]--><p>115. 베온 클리어 강화유리 필름 (5매) / iPhone 16 Plus / 아이폰 16 플러스</p><img src=""./shop_image/202408/qpdhszmffldj5%284%29.jpg"" />",아이폰 16 플러스 (iPhone 16 Plus)
C002001,115. 베온 클리어 강화유리 필름 (5매) / iPhone 16 / 아이폰 16,115. 베온 클리어 강화유리 필름 (5매) / iPhone 16 / 아이폰 16,단일상품,4900.0,3270,4900.0,1,10,0,0,"아이폰 16 (iPhone 16),케이스,투명케이스",N,진열,./shop_image/202408/qpdhszmffldj5%281%29.jpg,AUTO,AUTO,"<!--[OPENEDITOR]--><p>115. 베온 클리어 강화유리 필름 (5매) / iPhone 16 / 아이폰 16</p><img src=""./shop_image/202408/qpdhszmffldj5%281%29.jpg"" />",아이폰 16 (iPhone 16)
C002001,481. 베온 클리어 글라스 강화유리 필름 (1매) / iPhone 16 pro max / 아이폰 16 프로 맥스,481. 베온 클리어 글라스 강화유리 필름 (1매) / iPhone 16 pro max / 아이폰 16 프로 맥스,단일상품,1100.0,750,1100.0,1,10,0,0,"아이폰 16 프로 맥스 (iPhone 16 Pro Max),케이스,투명케이스",N,진열,./shop_image/202408/qpdhszmffldj1%2810%29.jpg,AUTO,AUTO,"<!--[OPENEDITOR]--><p>481. 베온 클리어 글라스 강화유리 필름 (1매) / iPhone 16 pro max / 아이폰 16 프로 맥스</p><img src=""./shop_image/202408/qpdhszmffldj1%2810%29.jpg"" />",아이폰 16 프로 맥스 (iPhone 16 Pro Max)
C002001,481. 베온 클리어 글라스 강화유리 필름 (1매) / iPhone 16 pro / 아이폰 16 프로,481. 베온 클리어 글라스 강화유리 필름 (1매) / iPhone 16 pro / 아이폰 16 프로,단일상품,1100.0,750,1100.0,1,10,0,0,"아이폰 16 프로 (iPhone 16 Pro),케이스,투명케이스",N,진열,./shop_image/202408/qpdhszmffldj1%287%29.jpg,AUTO,AUTO,"<!--[OPENEDITOR]--><p>481. 베온 클리어 글라스 강화유리 필름 (1매) / iPhone 16 pro / 아이폰 16 프로</p><img src=""./shop_image/202408/qpdhszmffldj1%287%29.jpg"" />",아이폰 16 프로 (iPhone 16 Pro)
C002001,481. 베온 클리어 글라스 강화유리 필름 (1매) / iPhone 16 Plus / 아이폰 16 플러스,481. 베온 클리어 글라스 강화유리 필름 (1매) / iPhone 16 Plus / 아이폰 16 플러스,단일상품,1100.0,750,1100.0,1,10,0,0,"아이폰 16 플러스 (iPhone 16 Plus),케이스,투명케이스",N,진열,./shop_image/202408/qpdhszmffldj1%284%29.jpg,AUTO,AUTO,"<!--[OPENEDITOR]--><p>481. 베온 클리어 글라스 강화유리 필름 (1매) / iPhone 16 Plus / 아이폰 16 플러스</p><img src=""./shop_image/202408/qpdhszmffldj1%284%29.jpg"" />",아이폰 16 플러스 (iPhone 16 Plus)
C002001,481. 베온 클리어 글라스 강화유리 필름 (1매) / iPhone 16 / 아이폰 16,481. 베온 클리어 글라스 강화유리 필름 (1매) / iPhone 16 / 아이폰 16,단일상품,1100.0,750,1100.0,1,10,0,0,"아이폰 16 (iPhone 16),케이스,투명케이스",N,진열,./shop_image/202408/qpdhszmffldj1%281%29.jpg,AUTO,AUTO,"<!--[OPENEDITOR]--><p>481. 베온 클리어 글라스 강화유리 필름 (1매) / iPhone 16 / 아이폰 16</p><img src=""./shop_image/202408/qpdhszmffldj1%281%29.jpg"" />",아이폰 16 (iPhone 16)
C001001,003. 베온 초강력 맥세이프 클리어 케이스 / iPhone 16 pro max / 아이폰 16 프로 맥스,003. 베온 초강력 맥세이프 클리어 케이스 / iPhone 16 pro max / 아이폰 16 프로 맥스,단일상품,5400.0,3600,5400.0,1,10,0,0,"아이폰 16 프로 맥스 (iPhone 16 Pro Max),케이스,투명케이스",N,진열,./shop_image/202408/qpdhschrkdfur%287%29.jpg,AUTO,AUTO,"<!--[OPENEDITOR]--><p>003. 베온 초강력 맥세이프 클리어 케이스 / iPhone 16 pro max / 아이폰 16 프로 맥스</p><img src=""./shop_image/202408/qpdhschrkdfur%287%29.jpg"" />",아이폰 16 프로 맥스 (iPhone 16 Pro Max)
C001001,003. 베온 초강력 맥세이프 클리어 케이스 / iPhone 16 / 아이폰 16,003. 베온 초강력 맥세이프 클리어 케이스 / iPhone 16 / 아이폰 16,단일상품,5400.0,3600,5400.0,1,10,0,0,"아이폰 16 (iPhone 16),케이스,투명케이스",N,진열,./shop_image/202408/qpdhschrkdfur%281%29.jpg,AUTO,AUTO,"<!--[OPENEDITOR]--><p>003. 베온 초강력 맥세이프 클리어 케이스 / iPhone 16 / 아이폰 16</p><img src=""./shop_image/202408/qpdhschrkdfur%281%29.jpg"" />",아이폰 16 (iPhone 16)
C002005,352. 베온 슈퍼글라스 카메라 렌즈 풀커버 유리필름 (1매) / iPhone 16 / iPhone 16 Plus / 아이폰 16 / 아이폰 16 플러스 ★공용★,352. 베온 슈퍼글라스 카메라 렌즈 풀커버 유리필름 (1매) / iPhone 16 / iPhone 16 Plus / 아이폰 16 / 아이폰 16 플러스 ★공용★,단일상품,3000.0,2020,3000.0,1,10,0,0,"아이폰 16 (iPhone 16),케이스,투명케이스",N,진열,./shop_image/202408/tbvjrmffktmzkapfk%281%29.jpg,AUTO,AUTO,"<!--[OPENEDITOR]--><p>352. 베온 슈퍼글라스 카메라 렌즈 풀커버 유리필름 (1매) / iPhone 16 / iPhone 16 Plus / 아이폰 16 / 아이폰 16 플러스 ★공용★</p><img src=""./shop_image/202408/tbvjrmffktmzkapfk%281%29.jpg"" />",아이폰 16 (iPhone 16)
C004008,381. 베온 더셀 케이블일체형 PD20W 고속충전 LCD 보조배터리 10000mAh (C타입케이블포함),381. 베온 더셀 케이블일체형 PD20W 고속충전 LCD 보조배터리 10000mAh (C타입케이블포함),블랙 | 화이트,18800.0,12500,18800.0,1,10,0,0,"갤럭시 Z 폴드 3 (Galaxy Z Fold 3),케이스,투명케이스",N,진열,./shop_image/202408/veon_pd20w_10000mah_500%281%29.jpg,AUTO,AUTO,"<!--[OPENEDITOR]--><p>381. 베온 더셀 케이블일체형 PD20W 고속충전 LCD 보조배터리 10000mAh (C타입케이블포함)</p><img src=""./shop_image/202408/veon_pd20w_10000mah_500%281%29.jpg"" />",갤럭시 Z 폴드 3 (Galaxy Z Fold 3)
C001008,447. 베온 올핏 EPU 우레탄 자가복원 풀커버 강화필름 (5매) / SM-F956 / 갤럭시 Z폴드6 (내부5매),447. 베온 올핏 EPU 우레탄 자가복원 풀커버 강화필름 (5매) / SM-F956 / 갤럭시 Z폴드6 (내부5매),단일상품,8600.0,5700,8600.0,1,10,0,0,"갤럭시 Z 폴드 6 (Galaxy Z Fold 6),케이스,투명케이스",N,진열,./shop_image/202407/veon_epu_zfold6_5ea_500%281%29.jpg,AUTO,AUTO,"<!--[OPENEDITOR]--><p>447. 베온 올핏 EPU 우레탄 자가복원 풀커버 강화필름 (5매) / SM-F956 / 갤럭시 Z폴드6 (내부5매)</p><img src=""./shop_image/202407/veon_epu_zfold6_5ea_500%281%29.jpg"" />",갤럭시 Z 폴드 6 (Galaxy Z Fold 6)
C001008,456. 베온 올핏 EPU 우레탄 자가복원 풀커버 강화필름 (2매) / SM-F956 / 갤럭시 Z폴드6 (내부1매+외부1매),456. 베온 올핏 EPU 우레탄 자가복원 풀커버 강화필름 (2매) / SM-F956 / 갤럭시 Z폴드6 (내부1매+외부1매),단일상품,3200.0,2150,3200.0,1,10,0,0,"갤럭시 Z 폴드 6 (Galaxy Z Fold 6),케이스,투명케이스",N,진열,./shop_image/202407/veon_epu_zfold6_2ea_500%281%29.jpg,AUTO,AUTO,"<!--[OPENEDITOR]--><p>456. 베온 올핏 EPU 우레탄 자가복원 풀커버 강화필름 (2매) / SM-F956 / 갤럭시 Z폴드6 (내부1매+외부1매)</p><img src=""./shop_image/202407/veon_epu_zfold6_2ea_500%281%29.jpg"" />",갤럭시 Z 폴드 6 (Galaxy Z Fold 6)
C001001,333. 베온 슈퍼 클리어 핏 투명 하드 케이스 / SM-F741 / 갤럭시 Z플립6,333. 베온 슈퍼 클리어 핏 투명 하드 케이스 / SM-F741 / 갤럭시 Z플립6,단일상품,2100.0,1400,2100.0,1,10,0,0,"갤럭시 Z 플립 6 (Galaxy Z Flip 6),케이스,투명케이스",N,진열,./shop_image/202407/veon_clearfit_z6_f6_500%281%29.jpg,AUTO,AUTO,"<!--[OPENEDITOR]--><p>333. 베온 슈퍼 클리어 핏 투명 하드 케이스 / SM-F741 / 갤럭시 Z플립6</p><img src=""./shop_image/202407/veon_clearfit_z6_f6_500%281%29.jpg"" />",갤럭시 Z 플립 6 (Galaxy Z Flip 6)
C002005,352. 베온 슈퍼글라스 카메라 렌즈 풀커버 유리필름 (1매) / SM-F956 / 갤럭시 Z폴드6,352. 베온 슈퍼글라스 카메라 렌즈 풀커버 유리필름 (1매) / SM-F956 / 갤럭시 Z폴드6,단일상품,2200.0,1500,2200.0,1,10,0,0,"갤럭시 Z 폴드 6 (Galaxy Z Fold 6),케이스,투명케이스",N,진열,./shop_image/202407/6cfa82b2e53313ac28211a2c454a1924%281%29.jpg,AUTO,AUTO,"<!--[OPENEDITOR]--><p>352. 베온 슈퍼글라스 카메라 렌즈 풀커버 유리필름 (1매) / SM-F956 / 갤럭시 Z폴드6</p><img src=""./shop_image/202407/6cfa82b2e53313ac28211a2c454a1924%281%29.jpg"" />",갤럭시 Z 폴드 6 (Galaxy Z Fold 6)
C002005,352. 베온 슈퍼글라스 카메라 렌즈 유리필름 일체형 분리형 세트 / SM-F741 / 갤럭시 Z플립6,352. 베온 슈퍼글라스 카메라 렌즈 유리필름 일체형 분리형 세트 / SM-F741 / 갤럭시 Z플립6,단일상품,2200.0,1500,2200.0,1,10,0,0,"갤럭시 Z 플립 6 (Galaxy Z Flip 6),케이스,투명케이스",N,진열,./shop_image/202407/veon_camera_z6_500%281%29.jpg,AUTO,AUTO,"<!--[OPENEDITOR]--><p>352. 베온 슈퍼글라스 카메라 렌즈 유리필름 일체형 분리형 세트 / SM-F741 / 갤럭시 Z플립6</p><img src=""./shop_image/202407/veon_camera_z6_500%281%29.jpg"" />",갤럭시 Z 플립 6 (Galaxy Z Flip 6)
C004008,411. 스피디 휴대용 손난로 보조배터리 5200mAh (파우치 포함),411. 스피디 휴대용 손난로 보조배터리 5200mAh (파우치 포함),블랙 | 핑크 | 블루 | 바이올렛 | 실버,11000.0,7300,11000.0,1,10,0,0,"갤럭시 a52 (Galaxy a52),케이스,투명케이스",N,진열,./shop_image/202410/spe_dhwp01_500%281%29.jpg,AUTO,AUTO,"<!--[OPENEDITOR]--><p>411. 스피디 휴대용 손난로 보조배터리 5200mAh (파우치 포함)</p><img src=""./shop_image/202410/spe_dhwp01_500%281%29.jpg"" />",갤럭시 a52 (Galaxy a52)
C004001,418. 스피디 C타입 15W (QC3.0) 고속 일체형 가정용 충전기,418. 스피디 C타입 15W (QC3.0) 고속 일체형 가정용 충전기,단일상품,4000.0,2650,4000.0,1,10,0,0,"아이폰 15 (iPhone 15),케이스,투명케이스",N,진열,./shop_image/202409/9840_500%281%29.jpg,AUTO,AUTO,"<!--[OPENEDITOR]--><p>418. 스피디 C타입 15W (QC3.0) 고속 일체형 가정용 충전기</p><img src=""./shop_image/202409/9840_500%281%29.jpg"" />",아이폰 15 (iPhone 15)
C004001,399. 스피디 15W (QC3.0) 고속 분리형 가정용 충전기 (C타입 1.2M 15W 케이블 포함),399. 스피디 15W (QC3.0) 고속 분리형 가정용 충전기 (C타입 1.2M 15W 케이블 포함),단일상품,4000.0,2650,4000.0,1,10,0,0,"아이폰 15 (iPhone 15),케이스,투명케이스",N,진열,./shop_image/202409/9864_500%281%29.jpg,AUTO,AUTO,"<!--[OPENEDITOR]--><p>399. 스피디 15W (QC3.0) 고속 분리형 가정용 충전기 (C타입 1.2M 15W 케이블 포함)</p><img src=""./shop_image/202409/9864_500%281%29.jpg"" />",아이폰 15 (iPhone 15)
C004001,407. 스피디 PD 15W 고속 분리형 가정용 충전기 (케이블 미포함),407. 스피디 PD 15W 고속 분리형 가정용 충전기 (케이블 미포함),단일상품,3000.0,2000,3000.0,1,10,0,0,"갤럭시 Z 폴드 4 (Galaxy Z Fold 4),케이스,투명케이스",N,진열,./shop_image/202409/9871_500%281%29.jpg,AUTO,AUTO,"<!--[OPENEDITOR]--><p>407. 스피디 PD 15W 고속 분리형 가정용 충전기 (케이블 미포함)</p><img src=""./shop_image/202409/9871_500%281%29.jpg"" />",갤럭시 Z 폴드 4 (Galaxy Z Fold 4)
C004001,382. 스피디 15W (QC3.0) 고속 분리형 가정용 충전기 (케이블 미포함),382. 스피디 15W (QC3.0) 고속 분리형 가정용 충전기 (케이블 미포함),단일상품,3000.0,2000,3000.0,1,10,0,0,"아이폰 15 (iPhone 15),케이스,투명케이스",N,진열,./shop_image/202409/9857_500%281%29.jpg,AUTO,AUTO,"<!--[OPENEDITOR]--><p>382. 스피디 15W (QC3.0) 고속 분리형 가정용 충전기 (케이블 미포함)</p><img src=""./shop_image/202409/9857_500%281%29.jpg"" />",아이폰 15 (iPhone 15)
C004008,385. 스피디 슬림핏 10W 보조배터리 20000mAh (C타입 0.2M 케이블+8핀젠더 포함) / (2층-155),385. 스피디 슬림핏 10W 보조배터리 20000mAh (C타입 0.2M 케이블+8핀젠더 포함) / (2층-155),단일상품,21400.0,14300,21400.0,1,10,0,0,"아이폰 15 (iPhone 15),케이스,투명케이스",N,진열,./shop_image/202407/spe_pa20cpq_500%281%29.jpg,AUTO,AUTO,"<!--[OPENEDITOR]--><p>385. 스피디 슬림핏 10W 보조배터리 20000mAh (C타입 0.2M 케이블+8핀젠더 포함) / (2층-155)</p><img src=""./shop_image/202407/spe_pa20cpq_500%281%29.jpg"" />",아이폰 15 (iPhone 15)
C004008,413. 스피디 슬림핏 PD 20W 고속 보조배터리 30000mAh (C타입 0.2M 케이블 포함+8핀젠더 포함),413. 스피디 슬림핏 PD 20W 고속 보조배터리 30000mAh (C타입 0.2M 케이블 포함+8핀젠더 포함),단일상품,34400.0,22900,34400.0,1,10,0,0,"아이폰 13 프로 맥스 (iPhone 13 Pro Max),케이스,투명케이스",N,진열,./shop_image/202405/speedy_30000_500%281%29.jpg,AUTO,AUTO,"<!--[OPENEDITOR]--><p>413. 스피디 슬림핏 PD 20W 고속 보조배터리 30000mAh (C타입 0.2M 케이블 포함+8핀젠더 포함)</p><img src=""./shop_image/202405/speedy_30000_500%281%29.jpg"" />",아이폰 13 프로 맥스 (iPhone 13 Pro Max)
C004008,393. 스피디 슬림핏 10W 보조배터리 10000mAh (C타입 0.2M 케이블 포함+8핀젠더 포함) / (2층-155),393. 스피디 슬림핏 10W 보조배터리 10000mAh (C타입 0.2M 케이블 포함+8핀젠더 포함) / (2층-155),단일상품,12000.0,8000,12000.0,1,10,0,0,"아이폰 15 (iPhone 15),케이스,투명케이스",N,진열,./shop_image/202404/slim_fit_10000_8p_500%281%29.jpg,AUTO,AUTO,"<!--[OPENEDITOR]--><p>393. 스피디 슬림핏 10W 보조배터리 10000mAh (C타입 0.2M 케이블 포함+8핀젠더 포함) / (2층-155)</p><img src=""./shop_image/202404/slim_fit_10000_8p_500%281%29.jpg"" />",아이폰 15 (iPhone 15)
